log_id,worker_id,log_email,log_password
1,1,torrey.thurstance@elibrary.com,TOR1nce1CE
2,2,beatriz.hullin@elibrary.com,BEA2lin2IN
3,4,maible.drewell@elibrary.com,MAI4ell4LL
4,8,samantha.sarra@elibrary.com,SAM8rra8RA
5,11,carolynn.merwede@elibrary.com,CAR11ede11DE
6,12,hurleigh.boynes@elibrary.com,HUR12nes12ES
7,13,eve.geffinger@elibrary.com,EVE13ger13ER
8,14,nada.franklyn@elibrary.com,NAD14lyn14YN
9,15,chiquia.valentim@elibrary.com,CHI15tim15IM
10,17,lorita.macpadene@elibrary.com,LOR17ene17NE
11,18,greta.gillbey@elibrary.com,GRE18bey18EY
12,20,wendall.yaknov@elibrary.com,WEN20nov20OV
13,21,woodman.guerry@elibrary.com,WOO21rry21RY
14,22,vachel.brittan@elibrary.com,VAC22tan22AN
15,24,lucian.menelaws@elibrary.com,LUC24aws24WS
16,27,carlin.goslin@elibrary.com,CAR27lin27IN
17,28,hi.tewelson@elibrary.com,HI28son28ON
18,29,bendite.iacovolo@elibrary.com,BEN29olo29LO
19,30,jilli.gatchell@elibrary.com,JIL30ell30LL
20,33,darlleen.orcas@elibrary.com,DAR33cas33AS
21,34,dukie.shilstone@elibrary.com,DUK34one34NE
22,35,yul.hankin@elibrary.com,YUL35kin35IN
23,37,mayor.corn@elibrary.com,MAY37orn37RN
24,38,garrett.bould@elibrary.com,GAR38uld38LD
25,40,krystalle.schoenfisch@elibrary.com,KRY40sch40CH
26,42,clayborn.gosnall@elibrary.com,CLA42all42LL
27,43,arline.ribbon@elibrary.com,ARL43bon43ON
28,44,sayers.yurkevich@elibrary.com,SAY44ich44CH
29,45,christen.tilt@elibrary.com,CHR45ilt45LT
30,46,derrik.debell@elibrary.com,DER46ell46LL
31,49,britney.setterington@elibrary.com,BRI49ton49ON
32,50,marijn.sepey@elibrary.com,MAR50pey50EY
33,51,freida.mcinulty@elibrary.com,FRE51lty51TY
34,52,franciska.salla@elibrary.com,FRA52lla52LA
35,53,paxton.chislett@elibrary.com,PAX53ett53TT
36,55,keane.medhurst@elibrary.com,KEA55rst55ST
37,57,colby.baumford@elibrary.com,COL57ord57RD
38,62,dorisa.hynson@elibrary.com,DOR62son62ON
39,63,channa.stutte@elibrary.com,CHA63tte63TE
40,66,fritz.tallach@elibrary.com,FRI66ach66CH
41,67,jacobo.siburn@elibrary.com,JAC67urn67RN
42,70,marshall.peacocke@elibrary.com,MAR70cke70KE
43,71,parker.sember@elibrary.com,PAR71ber71ER
44,72,marjie.cuckoo@elibrary.com,MAR72koo72OO
45,74,jonathan.tatlowe@elibrary.com,JON74owe74WE
46,75,sada.crozier@elibrary.com,SAD75ier75ER
47,76,gertie.paolo@elibrary.com,GER76olo76LO
48,77,dannie.garron@elibrary.com,DAN77ron77ON
49,78,leonora.rivallant@elibrary.com,LEO78ant78NT
50,80,ellery.jaqueme@elibrary.com,ELL80eme80ME
51,82,eadith.look@elibrary.com,EAD82ook82OK
52,83,artemis.ramlot@elibrary.com,ART83lot83OT
53,85,finlay.say@elibrary.com,FIN85say85AY
54,88,shea.hartzenberg@elibrary.com,SHE88erg88RG
55,91,vlad.bordessa@elibrary.com,VLA91ssa91SA
56,95,leif.rasell@elibrary.com,LEI95ell95LL
57,98,trip.fleming@elibrary.com,TRI98ing98NG
58,99,rudie.treuge@elibrary.com,RUD99uge99GE
