pub_id,name,phone,address
1,McCullough and Sons,561-417-5231,5 Basil Plaza
2,"Grant, Wisoky and Raynor",909-308-9580,70588 Maryland Terrace
3,Grady-Konopelski,947-495-3680,6313 Spaight Circle
4,Wolff Inc,986-235-1977,5 School Circle
5,Hayes Inc,105-737-3821,1 Helena Plaza
6,"Frami, Pfannerstill and Yundt",546-700-4737,92 Anhalt Way
7,Hoeger-Jones,662-926-4355,5 Donald Lane
8,"Murazik, Green and Homenick",431-166-8190,51 Little Fleur Crossing
9,Champlin Inc,664-943-4218,8 Evergreen Parkway
10,Walsh-Auer,119-591-7101,971 Golden Leaf Way
11,Cruickshank-Donnelly,129-908-1358,62002 Morrow Way
12,Mohr-Howe,130-938-9654,51517 Westend Junction
13,Gottlieb Inc,429-484-1515,5750 Fairfield Hill
14,Ullrich LLC,545-926-8890,0913 Forster Pass
15,Kovacek and Sons,540-675-0681,33573 Dawn Terrace
16,Schamberger Group,183-238-3873,98 Iowa Pass
17,Kris-Boyle,863-715-6198,2 Rieder Alley
18,"Dibbert, Schmidt and Hahn",728-588-2591,01 Heath Parkway
19,Tromp LLC,405-857-3339,703 Jenifer Pass
20,"Dach, Parisian and Cole",749-616-6720,82 Butterfield Alley
21,Connelly-Nitzsche,979-961-0086,39261 Morningstar Park
22,O'Reilly and Sons,123-684-8232,6 Milwaukee Hill
23,Bednar-Wilderman,371-112-7782,0243 Mitchell Point
24,Friesen-Nikolaus,356-897-8001,45 Delladonna Court
25,"Jaskolski, Stokes and Luettgen",443-453-8142,41 Fuller Junction
26,"Walker, Lesch and Koss",501-914-9446,99174 Golf Course Center
27,Hackett-Orn,422-686-3694,462 Anthes Park
28,Hane-Sauer,937-532-1661,22 Westend Road
29,Kunde Inc,261-245-8512,8024 Ronald Regan Avenue
30,Stanton LLC,117-125-4406,37 Elmside Center
31,Rippin-Smitham,193-623-0695,3977 Tomscot Park
32,Schultz Inc,510-246-1283,65218 Arkansas Parkway
33,Jenkins-Weber,823-698-6940,4740 Pennsylvania Trail
34,"Weissnat, Swaniawski and Marvin",991-241-9743,37 Prairie Rose Point
35,"Heaney, Willms and Moen",452-205-7986,86 Mcguire Parkway
36,Kihn-Kling,465-454-2557,612 Dakota Junction
37,O'Conner Inc,776-107-4778,9682 Portage Parkway
38,Prohaska-Weimann,721-767-7189,87468 Fair Oaks Terrace
39,"Haag, Kemmer and Ebert",866-471-0417,17313 Park Meadow Street
40,Ryan-Leannon,823-313-2373,277 Warner Center
41,"Nolan, VonRueden and Langosh",966-969-8331,3409 Jana Avenue
42,Fisher LLC,790-429-8846,53470 Kipling Pass
43,"Osinski, Hessel and Schinner",977-384-1787,4558 Rigney Way
44,O'Reilly LLC,883-359-6192,23323 Miller Center
45,Kilback and Sons,356-236-4661,9 Hollow Ridge Circle
46,Gleason-West,357-707-8271,09124 Barby Parkway
47,"Halvorson, Kuvalis and Hermann",530-881-8578,350 Sutteridge Court
48,"Ernser, DuBuque and Padberg",236-982-4894,3213 Luster Road
49,"Rodriguez, Huel and Bogan",642-940-3352,9648 Tomscot Plaza
50,"Pollich, Lang and Marvin",779-917-9591,416 Westerfield Alley
